,dim,seed,true_val,stein_est_diff,stein_est_grad,Langevin,HMC,CF,CF_on,NCV,NCV_on
0,1,23.75,14.0,13.981382131576538,13.998559474945068,14.20247475,13.975494,13.953844547271729,13.957146167755127,25.73452615737915,13.994854211807251
1,2,23.75,28.0,27.983521938323975,27.992580890655518,28.186072,28.202408,28.000959396362305,27.872883319854736,58.53623867034912,27.984322547912598
2,3,23.75,42.0,42.98056125640869,41.95651054382324,42.38611625,42.618172,45.72010040283203,41.56856918334961,92.37492561340332,41.97498607635498
3,5,23.75,70.0,71.20230674743652,69.6578483581543,70.2809975,70.44329625,146.59279251098633,67.63702774047852,162.39910888671875,69.93730926513672
4,10,23.75,140.0,146.06272888183594,134.85918426513672,140.4235525,140.451045,315.5916061401367,136.45295333862305,327.7485046386719,139.9395866394043
5,15,23.75,210.0,425.9302520751953,210.26832580566406,210.5874575,209.62779749999999,482.9362106323242,206.2161750793457,498.2459487915039,209.8446807861328
