,dim,seed,true_val,stein_est_diff,stein_est_grad,Langevin,HMC,CF,CF_on,NCV,NCV_on
0,1,12.84198842339716,0.0,0.027483655818461603,0.0009303758125899617,0.16165477430958614,0.40474615297492367,0.03633953245077104,0.036237043861927755,0.8035993044009296,0.007755900615308802
1,2,12.84198842339716,0.0,0.020870473776399247,0.01256145619846757,0.19685047057263216,0.5339315111978316,0.046787484991778684,0.03296617942937254,0.6102636558598071,0.009151891573843792
2,3,12.84198842339716,0.0,1.332400654706445,0.09194681028411439,0.17807435802004035,0.6457051250800678,1.5701275812731132,0.06893130493953774,3.1825747234117974,0.04092545147578888
3,5,12.84198842339716,0.0,1.0746955155018747,0.3255964698636873,0.19003943133553364,0.38525135356402734,2.164652283455764,0.12106586230990454,2.5289079164240382,0.03417096367267283
4,10,12.84198842339716,0.0,9.057680686417923,1.235050672299512,0.4388620385629965,0.9391188991993006,4.2474528234484925,0.8237596419217014,5.058105544793567,0.09601645233978237
5,15,12.84198842339716,0.0,42.171183496933345,7.822549077538606,0.5720058121135326,0.43270932663663725,4.378074627597656,1.2558787810208436,1.3073953933242557,0.22903027040433704
