,Dim,MC,CV,CV offTrain onEst,CV E_p[Tg],CV_On_Sample,CF,Stein_Grad,Stein_Diff
0,2,3.8921144008636475,0.9626649022102356,3.821627140045166,0.07048740983009338,0.78019779920578,4.008728981018066,3.987443685531616,3.862523078918457
1,5,9.796201705932617,0.32500702142715454,10.535929679870605,-0.7397283911705017,0.7190700173377991,19.5845890045166,9.639533996582031,10.129223823547363
