,Dim,True,MC,CV,CV offTrain onEst,CV E_p[Tg],CV_On_Sample,CF,Stein_Grad,Stein_Diff
0,10,20.0,19.900279998779297,0.17178572714328766,19.76008415222168,0.14019621908664703,0.4471285045146942,0.0,20.307058334350586,42.248680114746094
1,100,200.0,199.30947875976562,0.1801145374774933,201.45982360839844,-2.150341749191284,0.367180734872818,0.0,217.26206970214844,544.46435546875
